1010	1	15080.00
1040	10	22354.00
1040	11	23009.00
1040	12	23685.00
1040	13	24381.00
1040	14	25097.00
1040	15	25842.00
1040	16	26617.00
1040	17	27415.00
1040	18	28238.00
1040	19	29085.00
1040	5	19351.00
1040	6	19917.00
1040	7	20499.00
1040	8	21099.00
1040	9	21717.00
1050	10	23446.00
1050	11	24135.00
1050	12	24844.00
1050	13	25576.00
1050	14	26343.00
1050	15	27134.00
1050	16	27948.00
1050	17	28786.00
1050	18	29650.00
1050	19	30539.00
1050	4	19717.00
1050	5	20294.00
1050	6	20888.00
1050	7	21499.00
1050	8	22129.00
1050	9	22778.00
1056	10	18937.00
1056	11	19493.00
1056	12	20066.00
1056	13	20657.00
1056	14	21277.00
1056	15	21916.00
1056	16	22573.00
1056	17	23250.00
1056	18	23948.00
1056	19	24666.00
1056	4	15925.00
1056	5	16391.00
1056	6	16871.00
1056	7	17364.00
1056	8	17873.00
1056	9	18397.00
1057	10	19839.00
1057	11	20421.00
1057	12	21021.00
1057	13	21641.00
1057	14	22290.00
1057	15	22959.00
1057	16	23648.00
1057	17	24357.00
1057	18	25088.00
1057	19	25840.00
1057	4	16683.00
1057	5	17171.00
1057	6	17674.00
1057	7	18191.00
1057	8	18724.00
1057	9	19273.00
1060	10	24594.00
1060	11	25316.00
1060	12	26072.00
1060	13	26855.00
1060	14	27660.00
1060	15	28490.00
1060	16	29345.00
1060	17	30225.00
1060	18	31132.00
1060	19	32066.00
1060	3	20090.00
1060	4	20678.00
1060	5	21283.00
1060	6	21907.00
1060	7	22549.00
1060	8	23211.00
1060	9	23892.00
1070	10	25804.00
1070	11	26578.00
1070	12	27376.00
1070	13	28197.00
1070	14	29043.00
1070	15	29914.00
1070	16	30812.00
1070	17	31736.00
1070	18	32688.00
1070	19	33669.00
1070	2	20471.00
1070	3	21070.00
1070	4	21687.00
1070	5	22323.00
1070	6	22977.00
1070	7	23652.00
1070	8	24346.00
1070	9	25061.00
1076	10	20841.00
1076	11	21466.00
1076	12	22111.00
1076	13	22774.00
1076	14	23457.00
1076	15	24161.00
1076	16	24886.00
1076	17	25633.00
1076	18	26401.00
1076	19	27194.00
1076	2	16534.00
1076	3	17018.00
1076	4	17516.00
1076	5	18030.00
1076	6	18558.00
1076	7	19103.00
1076	8	19664.00
1076	9	20241.00
1080	1	20859.00
1080	10	27094.00
1080	11	27907.00
1080	12	28745.00
1080	13	29607.00
1080	14	30496.00
1080	15	31410.00
1080	16	32353.00
1080	17	33323.00
1080	18	34323.00
1080	19	35353.00
1080	2	21469.00
1080	3	22098.00
1080	4	22746.00
1080	5	23414.00
1080	6	24101.00
1080	7	24809.00
1080	8	25539.00
1080	9	26306.00
1081	1	20859.00
1081	10	27094.00
1081	11	27907.00
1081	12	28745.00
1081	13	29607.00
1081	14	30496.00
1081	15	31410.00
1081	16	32353.00
1081	17	33323.00
1081	18	34323.00
1081	19	35353.00
1081	2	21469.00
1081	3	22098.00
1081	4	22746.00
1081	5	23414.00
1081	6	24101.00
1081	7	24809.00
1081	8	25539.00
1081	9	26306.00
1086	1	16847.00
1086	10	21883.00
1086	11	22540.00
1086	12	23217.00
1086	13	23913.00
1086	14	24631.00
1086	15	25369.00
1086	16	26131.00
1086	17	26914.00
1086	18	27722.00
1086	19	28554.00
1086	2	17340.00
1086	3	17848.00
1086	4	18371.00
1086	5	18911.00
1086	6	19466.00
1086	7	20038.00
1086	8	20627.00
1086	9	21247.00
1090	1	21876.00
1090	10	28449.00
1090	11	29303.00
1090	12	30182.00
1090	13	31087.00
1090	14	32020.00
1090	15	32981.00
1090	16	33970.00
1090	17	34989.00
1090	18	36039.00
1090	19	37120.00
1090	2	22518.00
1090	3	23178.00
1090	4	23859.00
1090	5	24559.00
1090	6	25281.00
1090	7	26036.00
1090	8	26816.00
1090	9	27621.00
1091	1	21876.00
1091	10	28449.00
1091	11	29303.00
1091	12	30182.00
1091	13	31087.00
1091	14	32020.00
1091	15	32981.00
1091	16	33970.00
1091	17	34989.00
1091	18	36039.00
1091	19	37120.00
1091	2	22518.00
1091	3	23178.00
1091	4	23859.00
1091	5	24559.00
1091	6	25281.00
1091	7	26036.00
1091	8	26816.00
1091	9	27621.00
1096	1	17669.00
1096	10	22978.00
1096	11	23667.00
1096	12	24377.00
1096	13	25108.00
1096	14	25862.00
1096	15	26638.00
1096	16	27437.00
1096	17	28260.00
1096	18	29108.00
1096	19	29981.00
1096	2	18187.00
1096	3	18720.00
1096	4	19270.00
1096	5	19836.00
1096	6	20419.00
1096	7	21029.00
1096	8	21659.00
1096	9	22309.00
1100	1	22945.00
1100	10	29872.00
1100	11	30769.00
1100	12	31690.00
1100	13	32641.00
1100	14	33620.00
1100	15	34629.00
1100	16	35668.00
1100	17	36738.00
1100	18	37840.00
1100	19	38976.00
1100	2	23619.00
1100	3	24312.00
1100	4	25027.00
1100	5	25767.00
1100	6	26541.00
1100	7	27337.00
1100	8	28157.00
1100	9	29002.00
1101	1	22945.00
1101	10	29872.00
1101	11	30769.00
1101	12	31690.00
1101	13	32641.00
1101	14	33620.00
1101	15	34629.00
1101	16	35668.00
1101	17	36738.00
1101	18	37840.00
1101	19	38976.00
1101	2	23619.00
1101	3	24312.00
1101	4	25027.00
1101	5	25767.00
1101	6	26541.00
1101	7	27337.00
1101	8	28157.00
1101	9	29002.00
1110	1	24068.00
1110	10	31365.00
1110	11	32307.00
1110	12	33276.00
1110	13	34274.00
1110	14	35302.00
1110	15	36361.00
1110	16	37452.00
1110	17	38575.00
1110	18	39733.00
1110	19	40925.00
1110	2	24775.00
1110	3	25503.00
1110	4	26268.00
1110	5	27056.00
1110	6	27867.00
1110	7	28704.00
1110	8	29565.00
1110	9	30452.00
1111	1	24068.00
1111	10	31365.00
1111	11	32307.00
1111	12	33276.00
1111	13	34274.00
1111	14	35302.00
1111	15	36361.00
1111	16	37452.00
1111	17	38575.00
1111	18	39733.00
1111	19	40925.00
1111	2	24775.00
1111	3	25503.00
1111	4	26268.00
1111	5	27056.00
1111	6	27867.00
1111	7	28704.00
1111	8	29565.00
1111	9	30452.00
1120	1	25246.00
1120	10	32934.00
1120	11	33921.00
1120	12	34939.00
1120	13	35987.00
1120	14	37067.00
1120	15	38179.00
1120	16	39324.00
1120	17	40504.00
1120	18	41719.00
1120	19	42971.00
1120	2	25998.00
1120	3	26778.00
1120	4	27582.00
1120	5	28409.00
1120	6	29261.00
1120	7	30139.00
1120	8	31043.00
1120	9	31974.00
1121	1	25246.00
1121	10	32934.00
1121	11	33921.00
1121	12	34939.00
1121	13	35987.00
1121	14	37067.00
1121	15	38179.00
1121	16	39324.00
1121	17	40504.00
1121	18	41719.00
1121	19	42971.00
1121	2	25998.00
1121	3	26778.00
1121	4	27582.00
1121	5	28409.00
1121	6	29261.00
1121	7	30139.00
1121	8	31043.00
1121	9	31974.00
1125	1	25482.00
1125	10	33247.00
1125	11	34244.00
1125	12	35272.00
1125	13	36330.00
1125	14	37420.00
1125	15	38542.00
1125	16	39698.00
1125	17	40889.00
1125	18	42116.00
1125	19	43379.00
1125	2	26246.00
1125	3	27033.00
1125	4	27844.00
1125	5	28679.00
1125	6	29539.00
1125	7	30426.00
1125	8	31339.00
1125	9	32279.00
1130	1	26503.00
1130	10	34580.00
1130	11	35618.00
1130	12	36686.00
1130	13	37787.00
1130	14	38921.00
1130	15	40088.00
1130	16	41291.00
1130	17	42530.00
1130	18	43806.00
1130	19	45120.00
1130	2	27298.00
1130	3	28117.00
1130	4	28961.00
1130	5	29829.00
1130	6	30725.00
1130	7	31646.00
1130	8	32595.00
1130	9	33573.00
1131	1	26503.00
1131	10	34580.00
1131	11	35618.00
1131	12	36686.00
1131	13	37787.00
1131	14	38921.00
1131	15	40088.00
1131	16	41291.00
1131	17	42530.00
1131	18	43806.00
1131	19	45120.00
1131	2	27298.00
1131	3	28117.00
1131	4	28961.00
1131	5	29829.00
1131	6	30725.00
1131	7	31646.00
1131	8	32595.00
1131	9	33573.00
1140	1	27828.00
1140	10	36309.00
1140	11	37399.00
1140	12	38520.00
1140	13	39676.00
1140	14	40866.00
1140	15	42092.00
1140	16	43355.00
1140	17	44656.00
1140	18	45995.00
1140	19	47375.00
1140	2	28663.00
1140	3	29523.00
1140	4	30408.00
1140	5	31321.00
1140	6	32261.00
1140	7	33229.00
1140	8	34225.00
1140	9	35251.00
1141	1	27828.00
1141	10	36309.00
1141	11	37399.00
1141	12	38520.00
1141	13	39676.00
1141	14	40866.00
1141	15	42092.00
1141	16	43355.00
1141	17	44656.00
1141	18	45995.00
1141	19	47375.00
1141	2	28663.00
1141	3	29523.00
1141	4	30408.00
1141	5	31321.00
1141	6	32261.00
1141	7	33229.00
1141	8	34225.00
1141	9	35251.00
1145	1	28093.00
1145	10	36655.00
1145	11	37754.00
1145	12	38888.00
1145	13	40054.00
1145	14	41256.00
1145	15	42494.00
1145	16	43769.00
1145	17	45082.00
1145	18	46434.00
1145	19	47827.00
1145	2	28936.00
1145	3	29803.00
1145	4	30698.00
1145	5	31619.00
1145	6	32568.00
1145	7	33545.00
1145	8	34550.00
1145	9	35588.00
1150	1	29219.00
1150	10	38125.00
1150	11	39268.00
1150	12	40446.00
1150	13	41659.00
1150	14	42909.00
1150	15	44197.00
1150	16	45523.00
1150	17	46888.00
1150	18	48295.00
1150	19	49744.00
1150	2	30096.00
1150	3	30999.00
1150	4	31929.00
1150	5	32887.00
1150	6	33873.00
1150	7	34889.00
1150	8	35937.00
1150	9	37014.00
1151	1	29219.00
1151	10	38125.00
1151	11	39268.00
1151	12	40446.00
1151	13	41659.00
1151	14	42909.00
1151	15	44197.00
1151	16	45523.00
1151	17	46888.00
1151	18	48295.00
1151	19	49744.00
1151	2	30096.00
1151	3	30999.00
1151	4	31929.00
1151	5	32887.00
1151	6	33873.00
1151	7	34889.00
1151	8	35937.00
1151	9	37014.00
1155	1	29498.00
1155	10	38488.00
1155	11	39642.00
1155	12	40832.00
1155	13	42057.00
1155	14	43318.00
1155	15	44618.00
1155	16	45956.00
1155	17	47335.00
1155	18	48755.00
1155	19	50218.00
1155	2	30383.00
1155	3	31294.00
1155	4	32233.00
1155	5	33200.00
1155	6	34196.00
1155	7	35222.00
1155	8	36279.00
1155	9	37367.00
1160	1	30681.00
1160	10	40031.00
1160	11	41232.00
1160	12	42469.00
1160	13	43743.00
1160	14	45055.00
1160	15	46407.00
1160	16	47799.00
1160	17	49233.00
1160	18	50710.00
1160	19	52231.00
1160	2	31601.00
1160	3	32549.00
1160	4	33525.00
1160	5	34531.00
1160	6	35568.00
1160	7	36634.00
1160	8	37733.00
1160	9	38865.00
1161	1	30681.00
1161	10	40031.00
1161	11	41232.00
1161	12	42469.00
1161	13	43743.00
1161	14	45055.00
1161	15	46407.00
1161	16	47799.00
1161	17	49233.00
1161	18	50710.00
1161	19	52231.00
1161	2	31601.00
1161	3	32549.00
1161	4	33525.00
1161	5	34531.00
1161	6	35568.00
1161	7	36634.00
1161	8	37733.00
1161	9	38865.00
1165	1	30972.00
1165	10	40413.00
1165	11	41624.00
1165	12	42874.00
1165	13	44160.00
1165	14	45485.00
1165	15	46849.00
1165	16	48255.00
1165	17	49702.00
1165	18	51193.00
1165	19	52729.00
1165	2	31902.00
1165	3	32858.00
1165	4	33845.00
1165	5	34860.00
1165	6	35906.00
1165	7	36983.00
1165	8	38092.00
1165	9	39235.00
1170	1	32215.00
1170	10	42032.00
1170	11	43294.00
1170	12	44592.00
1170	13	45930.00
1170	14	47308.00
1170	15	48727.00
1170	16	50189.00
1170	17	51695.00
1170	18	53246.00
1170	19	54843.00
1170	2	33181.00
1170	3	34176.00
1170	4	35201.00
1170	5	36258.00
1170	6	37346.00
1170	7	38465.00
1170	8	39620.00
1170	9	40808.00
1171	1	32215.00
1171	10	42032.00
1171	11	43294.00
1171	12	44592.00
1171	13	45930.00
1171	14	47308.00
1171	15	48727.00
1171	16	50189.00
1171	17	51695.00
1171	18	53246.00
1171	19	54843.00
1171	2	33181.00
1171	3	34176.00
1171	4	35201.00
1171	5	36258.00
1171	6	37346.00
1171	7	38465.00
1171	8	39620.00
1171	9	40808.00
1175	1	32522.00
1175	10	42433.00
1175	11	43706.00
1175	12	45017.00
1175	13	46367.00
1175	14	47758.00
1175	15	49191.00
1175	16	50667.00
1175	17	52187.00
1175	18	53752.00
1175	19	55365.00
1175	2	33497.00
1175	3	34502.00
1175	4	35537.00
1175	5	36603.00
1175	6	37701.00
1175	7	38833.00
1175	8	39998.00
1175	9	41197.00
1180	1	33825.00
1180	10	44135.00
1180	11	45458.00
1180	12	46822.00
1180	13	48227.00
1180	14	49674.00
1180	15	51164.00
1180	16	52699.00
1180	17	54280.00
1180	18	55908.00
1180	19	57585.00
1180	2	34840.00
1180	3	35885.00
1180	4	36962.00
1180	5	38071.00
1180	6	39213.00
1180	7	40389.00
1180	8	41601.00
1180	9	42848.00
1181	1	33825.00
1181	10	44135.00
1181	11	45458.00
1181	12	46822.00
1181	13	48227.00
1181	14	49674.00
1181	15	51164.00
1181	16	52699.00
1181	17	54280.00
1181	18	55908.00
1181	19	57585.00
1181	2	34840.00
1181	3	35885.00
1181	4	36962.00
1181	5	38071.00
1181	6	39213.00
1181	7	40389.00
1181	8	41601.00
1181	9	42848.00
1190	1	35516.00
1190	10	46341.00
1190	11	47731.00
1190	12	49163.00
1190	13	50638.00
1190	14	52157.00
1190	15	53722.00
1190	16	55333.00
1190	17	56993.00
1190	18	58703.00
1190	19	60464.00
1190	2	36582.00
1190	3	37679.00
1190	4	38810.00
1190	5	39974.00
1190	6	41173.00
1190	7	42409.00
1190	8	43681.00
1190	9	44991.00
1191	1	35516.00
1191	10	46341.00
1191	11	47731.00
1191	12	49163.00
1191	13	50638.00
1191	14	52157.00
1191	15	53722.00
1191	16	55333.00
1191	17	56993.00
1191	18	58703.00
1191	19	60464.00
1191	2	36582.00
1191	3	37679.00
1191	4	38810.00
1191	5	39974.00
1191	6	41173.00
1191	7	42409.00
1191	8	43681.00
1191	9	44991.00
1200	1	37293.00
1200	10	48658.00
1200	11	50118.00
1200	12	51621.00
1200	13	53170.00
1200	14	54765.00
1200	15	56408.00
1200	16	58100.00
1200	17	59843.00
1200	18	61639.00
1200	19	63488.00
1200	2	38411.00
1200	3	39564.00
1200	4	40750.00
1200	5	41973.00
1200	6	43232.00
1200	7	44529.00
1200	8	45864.00
1200	9	47240.00
1201	1	37293.00
1201	10	48658.00
1201	11	50118.00
1201	12	51621.00
1201	13	53170.00
1201	14	54765.00
1201	15	56408.00
1201	16	58100.00
1201	17	59843.00
1201	18	61639.00
1201	19	63488.00
1201	2	38411.00
1201	3	39564.00
1201	4	40750.00
1201	5	41973.00
1201	6	43232.00
1201	7	44529.00
1201	8	45864.00
1201	9	47240.00
1210	1	39157.00
1210	10	51091.00
1210	11	52624.00
1210	12	54202.00
1210	13	55828.00
1210	14	57503.00
1210	15	59228.00
1210	16	61005.00
1210	17	62835.00
1210	18	64720.00
1210	19	66661.00
1210	2	40332.00
1210	3	41542.00
1210	4	42788.00
1210	5	44071.00
1210	6	45393.00
1210	7	46755.00
1210	8	48158.00
1210	9	49603.00
1211	1	39157.00
1211	10	51091.00
1211	11	52624.00
1211	12	54202.00
1211	13	55828.00
1211	14	57503.00
1211	15	59228.00
1211	16	61005.00
1211	17	62835.00
1211	18	64720.00
1211	19	66661.00
1211	2	40332.00
1211	3	41542.00
1211	4	42788.00
1211	5	44071.00
1211	6	45393.00
1211	7	46755.00
1211	8	48158.00
1211	9	49603.00
1231	1	43171.00
1231	10	56328.00
1231	11	58018.00
1231	12	59758.00
1231	13	61551.00
1231	14	63397.00
1231	15	65299.00
1231	16	67258.00
1231	17	69276.00
1231	18	71354.00
1231	19	73303.00
1231	2	44466.00
1231	3	45799.00
1231	4	47173.00
1231	5	48589.00
1231	6	50046.00
1231	7	51548.00
1231	8	53094.00
1231	9	54687.00
1251	1	47595.00
1251	10	62101.00
1251	11	63964.00
1251	12	65883.00
1251	13	67859.00
1251	14	69895.00
1251	15	71992.00
1251	16	74152.00
1251	17	76376.00
1251	18	78668.00
1251	19	80509.00
1251	2	49023.00
1251	3	50494.00
1251	4	52009.00
1251	5	53570.00
1251	6	55176.00
1251	7	56831.00
1251	8	58536.00
1251	9	60292.00
2070	10	25804.00
2070	11	26578.00
2070	12	27376.00
2070	13	28197.00
2070	14	29043.00
2070	15	29914.00
2070	16	30812.00
2070	17	31736.00
2070	18	32688.00
2070	19	33669.00
2070	2	20471.00
2070	3	21070.00
2070	4	21687.00
2070	5	22323.00
2070	6	22977.00
2070	7	23652.00
2070	8	24346.00
2070	9	25061.00
2080	1	20859.00
2080	10	27094.00
2080	11	27907.00
2080	12	28745.00
2080	13	29607.00
2080	14	30496.00
2080	15	31410.00
2080	16	32353.00
2080	17	33323.00
2080	18	34323.00
2080	19	35353.00
2080	2	21469.00
2080	3	22098.00
2080	4	22746.00
2080	5	23414.00
2080	6	24101.00
2080	7	24809.00
2080	8	25539.00
2080	9	26306.00
2090	1	21876.00
2090	10	28449.00
2090	11	29303.00
2090	12	30182.00
2090	13	31087.00
2090	14	32020.00
2090	15	32981.00
2090	16	33970.00
2090	17	34989.00
2090	18	36039.00
2090	19	37120.00
2090	2	22518.00
2090	3	23178.00
2090	4	23859.00
2090	5	24559.00
2090	6	25281.00
2090	7	26036.00
2090	8	26816.00
2090	9	27621.00
2100	1	22945.00
2100	10	29872.00
2100	11	30769.00
2100	12	31690.00
2100	13	32641.00
2100	14	33620.00
2100	15	34629.00
2100	16	35668.00
2100	17	36738.00
2100	18	37840.00
2100	19	38976.00
2100	2	23619.00
2100	3	24312.00
2100	4	25027.00
2100	5	25767.00
2100	6	26541.00
2100	7	27337.00
2100	8	28157.00
2100	9	29002.00
2110	1	24068.00
2110	10	31365.00
2110	11	32307.00
2110	12	33276.00
2110	13	34274.00
2110	14	35302.00
2110	15	36361.00
2110	16	37452.00
2110	17	38575.00
2110	18	39733.00
2110	19	40925.00
2110	2	24775.00
2110	3	25503.00
2110	4	26268.00
2110	5	27056.00
2110	6	27867.00
2110	7	28704.00
2110	8	29565.00
2110	9	30452.00
2120	1	25246.00
2120	10	32934.00
2120	11	33921.00
2120	12	34939.00
2120	13	35987.00
2120	14	37067.00
2120	15	38179.00
2120	16	39324.00
2120	17	40504.00
2120	18	41719.00
2120	19	42971.00
2120	2	25998.00
2120	3	26778.00
2120	4	27582.00
2120	5	28409.00
2120	6	29261.00
2120	7	30139.00
2120	8	31043.00
2120	9	31974.00
2130	1	26503.00
2130	10	34580.00
2130	11	35618.00
2130	12	36686.00
2130	13	37787.00
2130	14	38921.00
2130	15	40088.00
2130	16	41291.00
2130	17	42530.00
2130	18	43806.00
2130	19	45120.00
2130	2	27298.00
2130	3	28117.00
2130	4	28961.00
2130	5	29829.00
2130	6	30725.00
2130	7	31646.00
2130	8	32595.00
2130	9	33573.00
2136	1	21406.00
2136	10	27930.00
2136	11	28768.00
2136	12	29631.00
2136	13	30520.00
2136	14	31436.00
2136	15	32378.00
2136	16	33350.00
2136	17	34351.00
2136	18	35381.00
2136	19	36443.00
2136	2	22048.00
2136	3	22709.00
2136	4	23391.00
2136	5	24092.00
2136	6	24816.00
2136	7	25560.00
2136	8	26326.00
2136	9	27116.00
2140	1	27828.00
2140	10	36309.00
2140	11	37399.00
2140	12	38520.00
2140	13	39676.00
2140	14	40866.00
2140	15	42092.00
2140	16	43355.00
2140	17	44656.00
2140	18	45995.00
2140	19	47375.00
2140	2	28663.00
2140	3	29523.00
2140	4	30408.00
2140	5	31321.00
2140	6	32261.00
2140	7	33229.00
2140	8	34225.00
2140	9	35251.00
2146	1	22476.00
2146	10	29326.00
2146	11	30206.00
2146	12	31112.00
2146	13	32046.00
2146	14	33007.00
2146	15	33997.00
2146	16	35017.00
2146	17	36068.00
2146	18	37149.00
2146	19	38264.00
2146	2	23150.00
2146	3	23845.00
2146	4	24560.00
2146	5	25297.00
2146	6	26057.00
2146	7	26838.00
2146	8	27643.00
2146	9	28472.00
2150	1	29219.00
2150	10	38125.00
2150	11	39268.00
2150	12	40446.00
2150	13	41659.00
2150	14	42909.00
2150	15	44197.00
2150	16	45523.00
2150	17	46888.00
2150	18	48295.00
2150	19	49744.00
2150	2	30096.00
2150	3	30999.00
2150	4	31929.00
2150	5	32887.00
2150	6	33873.00
2150	7	34889.00
2150	8	35937.00
2150	9	37014.00
2160	1	30681.00
2160	10	40031.00
2160	11	41232.00
2160	12	42469.00
2160	13	43743.00
2160	14	45055.00
2160	15	46407.00
2160	16	47799.00
2160	17	49233.00
2160	18	50710.00
2160	19	52231.00
2160	2	31601.00
2160	3	32549.00
2160	4	33525.00
2160	5	34531.00
2160	6	35568.00
2160	7	36634.00
2160	8	37733.00
2160	9	38865.00
2170	1	32215.00
2170	10	42032.00
2170	11	43294.00
2170	12	44592.00
2170	13	45930.00
2170	14	47308.00
2170	15	48727.00
2170	16	50189.00
2170	17	51695.00
2170	18	53246.00
2170	19	54843.00
2170	2	33181.00
2170	3	34176.00
2170	4	35201.00
2170	5	36258.00
2170	6	37346.00
2170	7	38465.00
2170	8	39620.00
2170	9	40808.00
2180	1	33825.00
2180	10	44135.00
2180	11	45458.00
2180	12	46822.00
2180	13	48227.00
2180	14	49674.00
2180	15	51164.00
2180	16	52699.00
2180	17	54280.00
2180	18	55908.00
2180	19	57585.00
2180	2	34840.00
2180	3	35885.00
2180	4	36962.00
2180	5	38071.00
2180	6	39213.00
2180	7	40389.00
2180	8	41601.00
2180	9	42848.00
2190	1	35516.00
2190	10	46341.00
2190	11	47731.00
2190	12	49163.00
2190	13	50638.00
2190	14	52157.00
2190	15	53722.00
2190	16	55333.00
2190	17	56993.00
2190	18	58703.00
2190	19	60464.00
2190	2	36582.00
2190	3	37679.00
2190	4	38810.00
2190	5	39974.00
2190	6	41173.00
2190	7	42409.00
2190	8	43681.00
2190	9	44991.00
2200	1	37293.00
2200	10	48658.00
2200	11	50118.00
2200	12	51621.00
2200	13	53170.00
2200	14	54765.00
2200	15	56408.00
2200	16	58100.00
2200	17	59843.00
2200	18	61639.00
2200	19	63488.00
2200	2	38411.00
2200	3	39564.00
2200	4	40750.00
2200	5	41973.00
2200	6	43232.00
2200	7	44529.00
2200	8	45864.00
2200	9	47240.00
2201	1	37293.00
2201	10	48658.00
2201	11	50118.00
2201	12	51621.00
2201	13	53170.00
2201	14	54765.00
2201	15	56408.00
2201	16	58100.00
2201	17	59843.00
2201	18	61639.00
2201	19	63488.00
2201	2	38411.00
2201	3	39564.00
2201	4	40750.00
2201	5	41973.00
2201	6	43232.00
2201	7	44529.00
2201	8	45864.00
2201	9	47240.00
2205	1	37647.00
2205	10	49121.00
2205	11	50595.00
2205	12	52113.00
2205	13	53676.00
2205	14	55287.00
2205	15	56945.00
2205	16	58654.00
2205	17	60413.00
2205	18	62226.00
2205	19	64092.00
2205	2	38776.00
2205	3	39940.00
2205	4	41139.00
2205	5	42373.00
2205	6	43644.00
2205	7	44953.00
2205	8	46302.00
2205	9	47690.00
2210	1	39157.00
2210	10	51091.00
2210	11	52624.00
2210	12	54202.00
2210	13	55828.00
2210	14	57503.00
2210	15	59228.00
2210	16	61005.00
2210	17	62835.00
2210	18	64720.00
2210	19	66661.00
2210	2	40332.00
2210	3	41542.00
2210	4	42788.00
2210	5	44071.00
2210	6	45393.00
2210	7	46755.00
2210	8	48158.00
2210	9	49603.00
2211	1	39157.00
2211	10	51091.00
2211	11	52624.00
2211	12	54202.00
2211	13	55828.00
2211	14	57503.00
2211	15	59228.00
2211	16	61005.00
2211	17	62835.00
2211	18	64720.00
2211	19	66661.00
2211	2	40332.00
2211	3	41542.00
2211	4	42788.00
2211	5	44071.00
2211	6	45393.00
2211	7	46755.00
2211	8	48158.00
2211	9	49603.00
2220	1	41114.00
2220	10	53645.00
2220	11	55255.00
2220	12	56912.00
2220	13	58619.00
2220	14	60378.00
2220	15	62190.00
2220	16	64055.00
2220	17	65977.00
2220	18	67956.00
2220	19	69955.00
2220	2	42348.00
2220	3	43618.00
2220	4	44927.00
2220	5	46275.00
2220	6	47664.00
2220	7	49093.00
2220	8	50566.00
2220	9	52083.00
2221	1	41114.00
2221	10	53645.00
2221	11	55255.00
2221	12	56912.00
2221	13	58619.00
2221	14	60378.00
2221	15	62190.00
2221	16	64055.00
2221	17	65977.00
2221	18	67956.00
2221	19	69955.00
2221	2	42348.00
2221	3	43618.00
2221	4	44927.00
2221	5	46275.00
2221	6	47664.00
2221	7	49093.00
2221	8	50566.00
2221	9	52083.00
2230	1	43171.00
2230	10	56328.00
2230	11	58018.00
2230	12	59758.00
2230	13	61551.00
2230	14	63397.00
2230	15	65299.00
2230	16	67258.00
2230	17	69276.00
2230	18	71354.00
2230	19	73303.00
2230	2	44466.00
2230	3	45799.00
2230	4	47173.00
2230	5	48589.00
2230	6	50046.00
2230	7	51548.00
2230	8	53094.00
2230	9	54687.00
2231	1	43171.00
2231	10	56328.00
2231	11	58018.00
2231	12	59758.00
2231	13	61551.00
2231	14	63397.00
2231	15	65299.00
2231	16	67258.00
2231	17	69276.00
2231	18	71354.00
2231	19	73303.00
2231	2	44466.00
2231	3	45799.00
2231	4	47173.00
2231	5	48589.00
2231	6	50046.00
2231	7	51548.00
2231	8	53094.00
2231	9	54687.00
2240	1	45329.00
2240	10	59144.00
2240	11	60919.00
2240	12	62745.00
2240	13	64628.00
2240	14	66567.00
2240	15	68564.00
2240	16	70621.00
2240	17	72739.00
2240	18	74922.00
2240	19	76818.00
2240	2	46689.00
2240	3	48089.00
2240	4	49532.00
2240	5	51018.00
2240	6	52548.00
2240	7	54125.00
2240	8	55749.00
2240	9	57421.00
2241	1	45329.00
2241	10	59144.00
2241	11	60919.00
2241	12	62745.00
2241	13	64628.00
2241	14	66567.00
2241	15	68564.00
2241	16	70621.00
2241	17	72739.00
2241	18	74922.00
2241	19	76818.00
2241	2	46689.00
2241	3	48089.00
2241	4	49532.00
2241	5	51018.00
2241	6	52548.00
2241	7	54125.00
2241	8	55749.00
2241	9	57421.00
2250	1	47595.00
2250	10	62101.00
2250	11	63964.00
2250	12	65883.00
2250	13	67859.00
2250	14	69895.00
2250	15	71992.00
2250	16	74152.00
2250	17	76376.00
2250	18	78668.00
2250	19	80509.00
2250	2	49023.00
2250	3	50494.00
2250	4	52009.00
2250	5	53570.00
2250	6	55176.00
2250	7	56831.00
2250	8	58536.00
2250	9	60292.00
2251	1	47595.00
2251	10	62101.00
2251	11	63964.00
2251	12	65883.00
2251	13	67859.00
2251	14	69895.00
2251	15	71992.00
2251	16	74152.00
2251	17	76376.00
2251	18	78668.00
2251	19	80509.00
2251	2	49023.00
2251	3	50494.00
2251	4	52009.00
2251	5	53570.00
2251	6	55176.00
2251	7	56831.00
2251	8	58536.00
2251	9	60292.00
2260	1	49975.00
2260	10	65207.00
2260	11	67162.00
2260	12	69177.00
2260	13	71253.00
2260	14	73390.00
2260	15	75592.00
2260	16	77860.00
2260	17	80196.00
2260	18	82602.00
2260	19	84385.00
2260	2	51474.00
2260	3	53019.00
2260	4	54609.00
2260	5	56247.00
2260	6	57935.00
2260	7	59673.00
2260	8	61463.00
2260	9	63308.00
2270	1	52474.00
2270	10	68467.00
2270	11	70521.00
2270	12	72636.00
2270	13	74816.00
2270	14	77060.00
2270	15	79372.00
2270	16	81753.00
2270	17	84205.00
2270	18	86731.00
2270	19	88454.00
2270	2	54048.00
2270	3	55670.00
2270	4	57339.00
2270	5	59060.00
2270	6	60832.00
2270	7	62657.00
2270	8	64537.00
2270	9	66472.00
2280	1	55098.00
2280	10	71890.00
2280	11	74047.00
2280	12	76268.00
2280	13	78555.00
2280	14	80912.00
2280	15	83339.00
2280	16	85840.00
2280	17	88415.00
2280	18	91067.00
2280	19	92726.00
2280	2	56751.00
2280	3	58453.00
2280	4	60207.00
2280	5	62013.00
2280	6	63873.00
2280	7	65789.00
2280	8	67763.00
2280	9	69796.00
2290	1	57852.00
2290	10	75484.00
2290	11	77749.00
2290	12	80081.00
2290	13	82484.00
2290	14	84958.00
2290	15	87507.00
2290	16	90132.00
2290	17	92836.00
2290	18	95621.00
2290	19	97213.00
2290	2	59588.00
2290	3	61376.00
2290	4	63217.00
2290	5	65114.00
2290	6	67067.00
2290	7	69079.00
2290	8	71151.00
2290	9	73286.00
2295	1	58403.00
2295	10	76203.00
2295	11	78489.00
2295	12	80844.00
2295	13	83270.00
2295	14	85768.00
2295	15	88341.00
2295	16	90991.00
2295	17	93721.00
2295	18	96532.00
2295	19	98111.00
2295	2	60156.00
2295	3	61960.00
2295	4	63819.00
2295	5	65734.00
2295	6	67706.00
2295	7	69737.00
2295	8	71828.00
2295	9	73984.00
2300	1	60745.00
2300	10	79258.00
2300	11	81637.00
2300	12	84086.00
2300	13	86608.00
2300	14	89207.00
2300	15	91883.00
2300	16	94639.00
2300	17	97478.00
2300	18	100403.00
2300	19	101924.00
2300	2	62568.00
2300	3	64445.00
2300	4	66378.00
2300	5	68369.00
2300	6	70420.00
2300	7	72533.00
2300	8	74709.00
2300	9	76950.00
2310	1	63783.00
2310	10	83222.00
2310	11	85718.00
2310	12	88289.00
2310	13	90938.00
2310	14	93666.00
2310	15	96476.00
2310	16	99371.00
2310	17	102352.00
2310	18	105422.00
2310	19	106870.00
2310	2	65696.00
2310	3	67667.00
2310	4	69697.00
2310	5	71788.00
2310	6	73941.00
2310	7	76159.00
2310	8	78444.00
2310	9	80797.00
2320	1	66971.00
2320	10	87382.00
2320	11	90004.00
2320	12	92704.00
2320	13	95485.00
2320	14	98349.00
2320	15	101300.00
2320	16	104339.00
2320	17	107469.00
2320	18	110693.00
2320	19	112063.00
2320	2	68981.00
2320	3	71050.00
2320	4	73182.00
2320	5	75377.00
2320	6	77638.00
2320	7	79967.00
2320	8	82366.00
2320	9	84838.00
2330	1	70320.00
2330	10	91752.00
2330	11	94504.00
2330	12	97340.00
2330	13	100260.00
2330	14	103268.00
2330	15	106366.00
2330	16	109557.00
2330	17	112843.00
2330	18	116229.00
2330	19	117517.00
2330	2	72429.00
2330	3	74603.00
2330	4	76841.00
2330	5	79146.00
2330	6	81521.00
2330	7	83965.00
2330	8	86485.00
2330	9	89080.00
2335	1	70990.00
2335	10	92625.00
2335	11	95405.00
2335	12	98267.00
2335	13	101215.00
2335	14	104251.00
2335	15	107379.00
2335	16	110600.00
2335	17	113918.00
2335	18	117336.00
2335	19	118608.00
2335	2	73120.00
2335	3	75313.00
2335	4	77572.00
2335	5	79900.00
2335	6	82297.00
2335	7	84765.00
2335	8	87308.00
2335	9	89927.00
2340	1	73836.00
2340	10	96339.00
2340	11	99230.00
2340	12	102206.00
2340	13	105272.00
2340	14	108431.00
2340	15	111683.00
2340	16	115034.00
2340	17	118485.00
2340	18	122039.00
2340	19	123242.00
2340	2	76051.00
2340	3	78333.00
2340	4	80683.00
2340	5	83103.00
2340	6	85596.00
2340	7	88164.00
2340	8	90809.00
2340	9	93533.00
2350	1	77528.00
2350	10	101157.00
2350	11	104191.00
2350	12	107316.00
2350	13	110536.00
2350	14	113852.00
2350	15	117267.00
2350	16	120785.00
2350	17	124409.00
2350	18	128141.00
2350	19	129254.00
2350	2	79854.00
2350	3	82249.00
2350	4	84717.00
2350	5	87258.00
2350	6	89876.00
2350	7	92572.00
2350	8	95350.00
2350	9	98210.00
2360	1	81404.00
2360	10	106214.00
2360	11	109400.00
2360	12	112683.00
2360	13	116063.00
2360	14	119545.00
2360	15	123131.00
2360	16	126826.00
2360	17	130630.00
2360	18	134549.00
2360	19	135568.00
2360	2	83846.00
2360	3	86361.00
2360	4	88952.00
2360	5	91622.00
2360	6	94369.00
2360	7	97201.00
2360	8	100117.00
2360	9	103120.00
2370	1	85474.00
2370	10	111525.00
2370	11	114870.00
2370	12	118317.00
2370	13	121866.00
2370	14	125522.00
2370	15	129288.00
2370	16	133167.00
2370	17	137162.00
2370	18	141277.00
2370	19	142196.00
2370	2	88038.00
2370	3	90679.00
2370	4	93399.00
2370	5	96202.00
2370	6	99088.00
2370	7	102061.00
2370	8	105123.00
2370	9	108276.00
2380	1	89748.00
2380	10	117100.00
2380	11	120614.00
2380	12	124232.00
2380	13	127959.00
2380	14	131798.00
2380	15	135752.00
2380	16	139824.00
2380	17	144019.00
2380	18	148340.00
2380	19	149155.00
2380	2	92441.00
2380	3	95213.00
2380	4	98070.00
2380	5	101013.00
2380	6	104042.00
2380	7	107164.00
2380	8	110379.00
2380	9	113690.00
3010	1	22030.00
3010	10	28653.00
3010	11	29513.00
3010	12	30398.00
3010	13	31310.00
3010	14	32249.00
3010	15	33216.00
3010	16	34212.00
3010	17	35238.00
3010	18	36295.00
3010	19	37384.00
3010	2	22675.00
3010	3	23341.00
3010	4	24025.00
3010	5	24732.00
3010	6	25459.00
3010	7	26221.00
3010	8	27009.00
3010	9	27817.00
3020	1	23591.00
3020	10	30731.00
3020	11	31654.00
3020	12	32602.00
3020	13	33580.00
3020	14	34587.00
3020	15	35625.00
3020	16	36694.00
3020	17	37795.00
3020	18	38929.00
3020	19	40097.00
3020	2	24284.00
3020	3	24998.00
3020	4	25737.00
3020	5	26509.00
3020	6	27303.00
3020	7	28123.00
3020	8	28968.00
3020	9	29836.00
3040	1	26838.00
3040	10	35019.00
3040	11	36069.00
3040	12	37151.00
3040	13	38266.00
3040	14	39414.00
3040	15	40596.00
3040	16	41814.00
3040	17	43068.00
3040	18	44360.00
3040	19	45691.00
3040	2	27644.00
3040	3	28473.00
3040	4	29326.00
3040	5	30206.00
3040	6	31114.00
3040	7	32047.00
3040	8	33008.00
3040	9	33999.00
3050	1	28180.00
3050	10	36767.00
3050	11	37871.00
3050	12	39008.00
3050	13	40178.00
3050	14	41383.00
3050	15	42624.00
3050	16	43903.00
3050	17	45220.00
3050	18	46577.00
3050	19	47974.00
3050	2	29025.00
3050	3	29895.00
3050	4	30793.00
3050	5	31716.00
3050	6	32668.00
3050	7	33647.00
3050	8	34658.00
3050	9	35697.00
3060	1	28696.00
3060	10	37441.00
3060	11	38564.00
3060	12	39721.00
3060	13	40913.00
3060	14	42140.00
3060	15	43404.00
3060	16	44706.00
3060	17	46047.00
3060	18	47428.00
3060	19	48851.00
3060	2	29557.00
3060	3	30443.00
3060	4	31356.00
3060	5	32296.00
3060	6	33266.00
3060	7	34264.00
3060	8	35292.00
3060	9	36351.00
3070	1	29532.00
3070	10	38532.00
3070	11	39687.00
3070	12	40878.00
3070	13	42104.00
3070	14	43367.00
3070	15	44668.00
3070	16	46008.00
3070	17	47388.00
3070	18	48810.00
3070	19	50274.00
3070	2	30417.00
3070	3	31330.00
3070	4	32270.00
3070	5	33237.00
3070	6	34235.00
3070	7	35262.00
3070	8	36320.00
3070	9	37410.00
3080	1	29723.00
3080	10	38780.00
3080	11	39944.00
3080	12	41144.00
3080	13	42378.00
3080	14	43649.00
3080	15	44958.00
3080	16	46307.00
3080	17	47696.00
3080	18	49127.00
3080	19	50601.00
3080	2	30614.00
3080	3	31532.00
3080	4	32478.00
3080	5	33452.00
3080	6	34457.00
3080	7	35490.00
3080	8	36555.00
3080	9	37651.00
3090	10	41775.00
3090	11	43029.00
3090	12	44319.00
3090	13	45649.00
3090	14	47018.00
3090	15	48429.00
3090	16	49882.00
3090	17	51378.00
3090	18	52919.00
3090	19	54507.00
3090	2	32979.00
3090	3	33967.00
3090	4	34986.00
3090	5	36036.00
3090	6	37117.00
3090	7	38231.00
3090	8	39377.00
3090	9	40558.00
3100	1	31205.00
3100	10	40716.00
3100	11	41938.00
3100	12	43196.00
3100	13	44492.00
3100	14	45827.00
3100	15	47202.00
3100	16	48618.00
3100	17	50077.00
3100	18	51579.00
3100	19	53126.00
3100	2	32141.00
3100	3	33105.00
3100	4	34099.00
3100	5	35122.00
3100	6	36175.00
3100	7	37261.00
3100	8	38379.00
3100	9	39530.00
3101	1	31205.00
3101	10	40716.00
3101	11	41938.00
3101	12	43196.00
3101	13	44492.00
3101	14	45827.00
3101	15	47202.00
3101	16	48618.00
3101	17	50077.00
3101	18	51579.00
3101	19	53126.00
3101	2	32141.00
3101	3	33105.00
3101	4	34099.00
3101	5	35122.00
3101	6	36175.00
3101	7	37261.00
3101	8	38379.00
3101	9	39530.00
3110	1	34322.00
3110	10	44781.00
3110	11	46125.00
3110	12	47509.00
3110	13	48934.00
3110	14	50402.00
3110	15	51914.00
3110	16	53471.00
3110	17	55075.00
3110	18	56727.00
3110	19	58429.00
3110	2	35351.00
3110	3	36412.00
3110	4	37503.00
3110	5	38629.00
3110	6	39788.00
3110	7	40981.00
3110	8	42211.00
3110	9	43478.00
3120	1	34404.00
3120	10	44888.00
3120	11	46235.00
3120	12	47622.00
3120	13	49051.00
3120	14	50523.00
3120	15	52039.00
3120	16	53600.00
3120	17	55208.00
3120	18	56864.00
3120	19	58570.00
3120	2	35436.00
3120	3	36499.00
3120	4	37593.00
3120	5	38721.00
3120	6	39883.00
3120	7	41079.00
3120	8	42312.00
3120	9	43581.00
3121	1	34404.00
3121	10	44888.00
3121	11	46235.00
3121	12	47622.00
3121	13	49051.00
3121	14	50523.00
3121	15	52039.00
3121	16	53600.00
3121	17	55208.00
3121	18	56864.00
3121	19	58570.00
3121	2	35436.00
3121	3	36499.00
3121	4	37593.00
3121	5	38721.00
3121	6	39883.00
3121	7	41079.00
3121	8	42312.00
3121	9	43581.00
3130	1	36152.00
3130	10	47171.00
3130	11	48586.00
3130	12	50043.00
3130	13	51544.00
3130	14	53090.00
3130	15	54683.00
3130	16	56323.00
3130	17	58013.00
3130	18	59753.00
3130	19	61546.00
3130	2	37236.00
3130	3	38354.00
3130	4	39505.00
3130	5	40690.00
3130	6	41911.00
3130	7	43168.00
3130	8	44464.00
3130	9	45798.00
3131	1	36152.00
3131	10	47171.00
3131	11	48586.00
3131	12	50043.00
3131	13	51544.00
3131	14	53090.00
3131	15	54683.00
3131	16	56323.00
3131	17	58013.00
3131	18	59753.00
3131	19	61546.00
3131	2	37236.00
3131	3	38354.00
3131	4	39505.00
3131	5	40690.00
3131	6	41911.00
3131	7	43168.00
3131	8	44464.00
3131	9	45798.00
3140	1	36164.00
3140	10	47187.00
3140	11	48602.00
3140	12	50060.00
3140	13	51562.00
3140	14	53109.00
3140	15	54702.00
3140	16	56343.00
3140	17	58033.00
3140	18	59774.00
3140	19	61567.00
3140	2	37249.00
3140	3	38365.00
3140	4	39517.00
3140	5	40702.00
3140	6	41923.00
3140	7	43182.00
3140	8	44477.00
3140	9	45812.00
3150	10	51198.00
3150	11	52735.00
3150	12	54316.00
3150	13	55945.00
3150	14	57623.00
3150	15	59352.00
3150	16	61133.00
3150	17	62967.00
3150	18	64856.00
3150	19	66802.00
3160	10	55293.00
3160	11	56951.00
3160	12	58660.00
3160	13	60420.00
3160	14	62233.00
3160	15	64100.00
3160	16	66023.00
3160	17	68004.00
3160	18	70044.00
3160	19	72012.00
3170	10	59441.00
3170	11	61223.00
3170	12	63059.00
3170	13	64951.00
3170	14	66900.00
3170	15	68907.00
3170	16	70974.00
3170	17	73103.00
3170	18	75296.00
3170	19	77188.00
3175	1	47595.00
3175	10	62101.00
3175	11	63964.00
3175	12	65883.00
3175	13	67859.00
3175	14	69895.00
3175	15	71992.00
3175	16	74152.00
3175	17	76377.00
3175	18	78668.00
3175	19	80509.00
3175	2	49023.00
3175	3	50494.00
3175	4	52009.00
3175	5	53569.00
3175	6	55176.00
3175	7	56831.00
3175	8	58536.00
3175	9	60292.00
3180	10	74300.00
3180	11	76529.00
3180	12	78825.00
3180	13	81189.00
3180	14	83625.00
3180	15	86134.00
3180	16	88718.00
3180	17	91380.00
3180	18	94121.00
3180	19	95735.00
3180	5	64092.00
3180	6	66014.00
3180	7	67995.00
3180	8	70035.00
3180	9	72136.00
3200	1	87510.00
3200	10	114180.00
3200	11	117605.00
3200	12	121133.00
3200	13	124767.00
3200	14	128510.00
3200	15	132365.00
3200	16	136336.00
3200	17	140426.00
3200	18	144639.00
3200	19	145510.00
3200	2	90134.00
3200	3	92838.00
3200	4	95624.00
3200	5	98493.00
3200	6	101447.00
3200	7	104491.00
3200	8	107626.00
3200	9	110854.00
7014	1	32132.00
7014	10	41926.00
7014	11	43183.00
7014	12	44478.00
7014	13	45812.00
7014	14	47187.00
7014	15	48602.00
7014	16	50060.00
7014	17	51562.00
7014	18	53109.00
7014	19	54702.00
7014	2	33097.00
7014	20	56343.00
7014	21	58034.00
7014	3	34091.00
7014	4	35112.00
7014	5	36166.00
7014	6	37250.00
7014	7	38367.00
7014	8	39519.00
7014	9	40705.00
7019	1	37951.00
7019	10	49519.00
7019	11	51004.00
7019	12	52534.00
7019	13	54109.00
7019	14	55733.00
7019	15	57404.00
7019	16	59126.00
7019	17	60900.00
7019	18	62728.00
7019	19	64609.00
7019	2	39091.00
7019	20	66547.00
7019	21	68544.00
7019	3	40265.00
7019	4	41471.00
7019	5	42715.00
7019	6	43996.00
7019	7	45316.00
7019	8	46676.00
7019	9	48077.00
7020	1	39533.00
7020	10	51583.00
7020	11	53129.00
7020	12	54723.00
7020	13	56364.00
7020	14	58055.00
7020	15	59796.00
7020	16	61590.00
7020	17	63438.00
7020	18	65341.00
7020	19	67301.00
7020	2	40720.00
7020	20	69320.00
7020	21	71400.00
7020	3	41943.00
7020	4	43199.00
7020	5	44495.00
7020	6	45829.00
7020	7	47204.00
7020	8	48621.00
7020	9	50080.00
7035	1	44276.00
7035	10	57772.00
7035	11	59504.00
7035	12	61289.00
7035	13	63127.00
7035	14	65022.00
7035	15	66972.00
7035	16	68981.00
7035	17	71050.00
7035	18	73182.00
7035	19	75377.00
7035	2	45606.00
7035	20	77638.00
7035	21	79968.00
7035	3	46976.00
7035	4	48383.00
7035	5	49834.00
7035	6	51328.00
7035	7	52868.00
7035	8	54456.00
7035	9	56090.00
7060	1	47439.00
7060	10	61899.00
7060	11	63755.00
7060	12	65667.00
7060	13	67637.00
7060	14	69666.00
7060	15	71756.00
7060	16	73908.00
7060	17	76125.00
7060	18	78410.00
7060	19	80762.00
7060	2	48864.00
7060	20	83184.00
7060	21	85680.00
7060	3	50331.00
7060	4	51839.00
7060	5	53394.00
7060	6	54995.00
7060	7	56645.00
7060	8	58346.00
7060	9	60096.00
7065	1	48072.00
7065	10	62724.00
7065	11	64605.00
7065	12	66543.00
7065	13	68538.00
7065	14	70595.00
7065	15	72712.00
7065	16	74893.00
7065	17	77140.00
7065	18	79455.00
7065	19	81838.00
7065	2	49516.00
7065	20	84293.00
7065	21	86822.00
7065	3	51002.00
7065	4	52530.00
7065	5	54106.00
7065	6	55728.00
7065	7	57400.00
7065	8	59123.00
7065	9	60897.00
7080	1	49020.00
7080	10	63962.00
7080	11	65880.00
7080	12	67856.00
7080	13	69891.00
7080	14	71988.00
7080	15	74147.00
7080	16	76372.00
7080	17	78663.00
7080	18	81023.00
7080	19	83454.00
7080	2	50493.00
7080	20	85957.00
7080	21	88536.00
7080	3	52009.00
7080	4	53566.00
7080	5	55174.00
7080	6	56828.00
7080	7	58533.00
7080	8	60290.00
7080	9	62099.00
7085	1	53844.00
7085	10	70254.00
7085	11	72362.00
7085	12	74532.00
7085	13	76768.00
7085	14	79072.00
7085	15	81444.00
7085	16	83887.00
7085	17	86404.00
7085	18	88996.00
7085	19	91666.00
7085	2	55459.00
7085	20	94416.00
7085	21	97248.00
7085	3	57123.00
7085	4	58837.00
7085	5	60602.00
7085	6	62420.00
7085	7	64292.00
7085	8	66221.00
7085	9	68208.00
7090	1	64913.00
7090	10	84697.00
7090	11	87238.00
7090	12	89855.00
7090	13	92550.00
7090	14	95327.00
7090	15	98187.00
7090	16	101132.00
7090	17	104166.00
7090	18	107291.00
7090	19	110510.00
7090	2	66860.00
7090	20	113825.00
7090	21	117240.00
7090	3	68866.00
7090	4	70932.00
7090	5	73060.00
7090	6	75252.00
7090	7	77509.00
7090	8	79835.00
7090	9	82230.00
7095	1	77795.00
7095	10	101505.00
7095	11	104550.00
7095	12	107686.00
7095	13	110917.00
7095	14	114244.00
7095	15	117672.00
7095	16	121202.00
7095	17	124838.00
7095	18	128583.00
7095	19	132440.00
7095	2	80129.00
7095	20	136414.00
7095	21	140506.00
7095	3	82532.00
7095	4	85008.00
7095	5	87559.00
7095	6	90185.00
7095	7	92891.00
7095	8	95678.00
7095	9	98548.00
7120	1	39533.00
7120	10	51583.00
7120	11	53129.00
7120	12	54723.00
7120	13	56364.00
7120	14	58055.00
7120	15	59796.00
7120	16	61590.00
7120	17	63438.00
7120	18	65341.00
7120	19	67301.00
7120	2	40720.00
7120	20	69320.00
7120	21	71400.00
7120	3	41943.00
7120	4	43199.00
7120	5	44495.00
7120	6	45829.00
7120	7	47204.00
7120	8	48621.00
7120	9	50080.00
7125	1	41114.00
7125	10	53646.00
7125	11	55254.00
7125	12	56911.00
7125	13	58618.00
7125	14	60377.00
7125	15	62188.00
7125	16	64054.00
7125	17	65975.00
7125	18	67955.00
7125	19	69993.00
7125	2	42349.00
7125	20	72093.00
7125	21	74256.00
7125	3	43620.00
7125	4	44927.00
7125	5	46275.00
7125	6	47662.00
7125	7	49092.00
7125	8	50566.00
7125	9	52083.00
7130	1	42695.00
7130	10	55709.00
7130	11	57379.00
7130	12	59100.00
7130	13	60873.00
7130	14	62699.00
7130	15	64580.00
7130	16	66517.00
7130	17	68513.00
7130	18	70569.00
7130	19	72685.00
7130	2	43978.00
7130	20	74866.00
7130	21	77112.00
7130	3	45298.00
7130	4	46655.00
7130	5	48055.00
7130	6	49495.00
7130	7	50980.00
7130	8	52511.00
7130	9	54086.00
7201	1	31626.00
7201	10	41266.00
7201	11	42503.00
7201	12	43778.00
7201	13	45091.00
7201	14	46444.00
7201	15	47837.00
7201	16	49272.00
7201	17	50750.00
7201	18	52273.00
7201	19	53841.00
7201	2	32576.00
7201	20	55456.00
7201	21	57120.00
7201	3	33554.00
7201	4	34559.00
7201	5	35596.00
7201	6	36663.00
7201	7	37763.00
7201	8	38897.00
7201	9	40064.00
7210	1	34789.00
7210	10	45393.00
7210	11	46753.00
7210	12	48156.00
7210	13	49600.00
7210	14	51088.00
7210	15	52621.00
7210	16	54199.00
7210	17	55825.00
7210	18	57500.00
7210	19	59225.00
7210	2	35834.00
7210	20	61002.00
7210	21	62832.00
7210	3	36909.00
7210	4	38015.00
7210	5	39156.00
7210	6	40329.00
7210	7	41539.00
7210	8	42787.00
7210	9	44070.00
7220	1	39533.00
7220	10	51583.00
7220	11	53129.00
7220	12	54723.00
7220	13	56364.00
7220	14	58055.00
7220	15	59796.00
7220	16	61590.00
7220	17	63438.00
7220	18	65341.00
7220	19	67301.00
7220	2	40720.00
7220	20	69320.00
7220	21	71400.00
7220	3	41943.00
7220	4	43199.00
7220	5	44495.00
7220	6	45829.00
7220	7	47204.00
7220	8	48621.00
7220	9	50080.00
7235	1	44276.00
7235	10	57772.00
7235	11	59504.00
7235	12	61289.00
7235	13	63127.00
7235	14	65022.00
7235	15	66972.00
7235	16	68981.00
7235	17	71050.00
7235	18	73182.00
7235	19	75377.00
7235	2	45606.00
7235	20	77638.00
7235	21	79968.00
7235	3	46976.00
7235	4	48383.00
7235	5	49834.00
7235	6	51328.00
7235	7	52868.00
7235	8	54456.00
7235	9	56090.00
7260	1	47439.00
7260	10	61899.00
7260	11	63755.00
7260	12	65667.00
7260	13	67637.00
7260	14	69666.00
7260	15	71756.00
7260	16	73908.00
7260	17	76125.00
7260	18	78410.00
7260	19	80762.00
7260	2	48864.00
7260	20	83184.00
7260	21	85680.00
7260	3	50331.00
7260	4	51839.00
7260	5	53394.00
7260	6	54995.00
7260	7	56645.00
7260	8	58346.00
7260	9	60096.00
8021	1	3600.00
8021	10	3600.00
8021	11	3600.00
8021	12	3600.00
8021	2	3600.00
8021	3	3600.00
8021	4	3600.00
8021	5	3600.00
8021	6	3600.00
8021	7	3600.00
8021	8	3600.00
8021	9	3600.00
8026	1	12000.00
8026	10	12000.00
8026	11	12000.00
8026	12	12000.00
8026	2	12000.00
8026	3	12000.00
8026	4	12000.00
8026	5	12000.00
8026	6	12000.00
8026	7	12000.00
8026	8	12000.00
8026	9	12000.00
8261	1	70000.00
8261	10	81149.00
8261	11	81149.00
8261	12	81149.00
8261	2	72100.00
8261	3	74263.00
8261	4	76491.00
8261	5	78786.00
8261	6	81149.00
8261	7	81149.00
8261	8	81149.00
8261	9	81149.00
8331	1	106923.00
8331	10	139510.00
8331	11	143696.00
8331	12	148006.00
8331	2	110131.00
8331	3	113435.00
8331	4	116838.00
8331	5	120343.00
8331	6	123953.00
8331	7	127672.00
8331	8	131502.00
8331	9	135447.00
8332	1	175000.00
8332	10	175000.00
8332	11	175000.00
8332	12	175000.00
8332	13	175000.00
8332	14	175000.00
8332	15	175000.00
8332	16	175000.00
8332	17	175000.00
8332	18	175000.00
8332	19	175000.00
8332	2	175000.00
8332	3	175000.00
8332	4	175000.00
8332	5	175000.00
8332	6	175000.00
8332	7	175000.00
8332	8	175000.00
8332	9	175000.00
9999	1	102246.00
9999	10	102246.00
9999	11	102246.00
9999	12	102246.00
9999	2	102246.00
9999	3	102246.00
9999	4	102246.00
9999	5	102246.00
9999	6	102246.00
9999	7	102246.00
9999	8	102246.00
9999	9	102246.00
